<application>
  <component name="FileTypeManager" version="19">
    <ignoreFiles list="*$py.class;*.pyc;*.pyo;*.rbc;*.yarb;.DS_Store;.git;.hg;.mypy_cache;.pytest_cache;.ruff_cache;.svn;CVS;__pycache__;_svn;vssver.scc;vssver2.scc" />
    <extensionMap>
      <removed_mapping ext="comp" approved="true" type="Glsl File" />
      <removed_mapping ext="frag" approved="true" type="Glsl File" />
      <removed_mapping ext="fsh" approved="true" type="Glsl File" />
      <removed_mapping ext="geom" approved="true" type="Glsl File" />
      <removed_mapping ext="glsl" approved="true" type="GLSL" />
      <removed_mapping ext="glsl" approved="true" type="Glsl File" />
      <removed_mapping ext="inputactions" approved="true" type="JSON" />
      <removed_mapping ext="tesc" approved="true" type="Glsl File" />
      <removed_mapping ext="tese" approved="true" type="Glsl File" />
      <removed_mapping ext="tps" approved="true" type="XML" />
      <removed_mapping ext="vert" approved="true" type="Glsl File" />
      <removed_mapping ext="vsh" approved="true" type="Glsl File" />
    </extensionMap>
  </component>
</application>