<application>
  <component name="ProjectManager">
    <defaultProject>
      <component name="Encoding" addBOMForNewFiles="with BOM under Windows, with no BOM otherwise" />
      <component name="PropertiesComponent">{
  &quot;keyToString&quot;: {
    &quot;settings.editor.selected.configurable&quot;: &quot;preferences.lookFeel&quot;
  }
}</component>
      <component name="VcsDirectoryMappings" defaultProject="true" />
      <component name="WindowStateProjectService">
        <state x="0" y="0" key="SettingsEditor" timestamp="1730650420426">
          <screen x="0" y="0" width="1920" height="1032" />
        </state>
        <state x="0" y="0" key="SettingsEditor/0.0.1920.1032" timestamp="1730650420426" />
      </component>
    </defaultProject>
  </component>
</application>