<application>
  <component name="Trusted.Paths">
    <option name="TRUSTED_PROJECT_PATHS">
      <map>
        <entry key="C:\Users\kylef\AppData\Local\Temp\util.py11934810858324114719" value="true" />
        <entry key="C:\Users\kylef\AppData\Roaming\JetBrains\PyCharmCE2024.1\light-edit" value="true" />
        <entry key="C:\Users\kylef\Documents\Programming Testing\C# Testing" value="true" />
        <entry key="C:\Users\kylef\Documents\Programming Testing\C# Testing\.idea\.idea.C# Testing" value="true" />
        <entry key="C:\Users\kylef\Documents\Programming Testing\Python Testing" value="true" />
        <entry key="C:\Users\kylef\Downloads\pythonProject" value="true" />
      </map>
    </option>
  </component>
</application>