<application>
  <component name="DimensionService">
    <size key="GridCell.Tab.0.left.0.0.1920.1080" width="1838" height="274" />
    <size key="GridCell.Tab.0.center.0.0.1920.1080" width="1838" height="274" />
    <size key="GridCell.Tab.0.right.0.0.1920.1080" width="1838" height="274" />
    <size key="GridCell.Tab.0.bottom.0.0.1920.1080" width="1838" height="274" />
    <size key="GridCell.Tab.1.left.0.0.1920.1080" width="1838" height="274" />
    <size key="GridCell.Tab.1.center.0.0.1920.1080" width="1838" height="274" />
    <size key="GridCell.Tab.1.right.0.0.1920.1080" width="1838" height="274" />
    <size key="GridCell.Tab.1.bottom.0.0.1920.1080" width="1838" height="274" />
  </component>
  <component name="WindowManager">
    <frame x="260" y="20" width="1400" height="992" extendedState="6" />
  </component>
  <component name="WindowStateApplicationService">
    <state x="609" y="307" key="#com.intellij.ide.actions.ChooseComponentsToExportDialog" timestamp="1730608959973">
      <screen x="0" y="0" width="1920" height="1032" />
    </state>
    <state x="609" y="307" key="#com.intellij.ide.actions.ChooseComponentsToExportDialog/0.0.1920.1032" timestamp="1730608959973" />
    <state x="960" y="519" width="1936" height="1048" key="WELCOME_SCREEN" timestamp="1730650217604">
      <screen x="0" y="0" width="1920" height="1032" />
    </state>
    <state x="960" y="519" width="1936" height="1048" key="WELCOME_SCREEN/0.0.1920.1032" timestamp="1730650217604" />
  </component>
</application>